timestamp,trading_pair,action,direction,price,quantity,realized_pnl,account_balance
2026-03-23T22:29:39.659Z,BTCUSDT,OPEN,BUY,60262.8,0.005974,0.00,10000.00
2026-03-24T22:29:39.659Z,BTCUSDT,OPEN,BUY,61253.67,0.009795,0.00,10000.00
2026-03-24T22:29:39.659Z,DOGEUSDT,OPEN,BUY,0.13852,1299.451343,0.00,10000.00
2026-03-24T22:29:39.659Z,ETHUSDT,OPEN,BUY,3229.92,0.111458,0.00,10000.00
2026-03-25T22:29:39.659Z,ETHUSDT,OPEN,BUY,3245.17,0.110934,0.00,10000.00
2026-03-26T22:29:39.659Z,ETHUSDT,OPEN,BUY,3258.57,0.18413,0.00,10000.00
2026-03-27T22:29:39.659Z,BTCUSDT,OPEN,BUY,61783.97,0.002913,0.00,10000.00
2026-03-27T22:29:39.659Z,DOGEUSDT,OPEN,BUY,0.12753,1411.432604,0.00,10000.00
2026-03-27T22:29:39.659Z,ETHUSDT,OPEN,BUY,3308.47,0.181353,0.00,10000.00
2026-03-28T22:29:39.659Z,ETHUSDT,OPEN,BUY,3422.04,0.1052,0.00,10000.00
2026-03-29T22:29:39.659Z,BTCUSDT,OPEN,BUY,64705.87,0.009273,0.00,10000.00
2026-03-29T22:29:39.659Z,ETHUSDT,OPEN,BUY,3491.45,0.063011,0.00,10000.00
2026-03-30T22:29:39.659Z,BTCUSDT,CLOSE,BUY,66936.11,0.009795,55.66,10055.66
2026-03-30T22:29:39.659Z,BTCUSDT,CLOSE,BUY,66936.11,0.005974,39.87,10095.53
2026-03-30T22:29:39.659Z,BTCUSDT,OPEN,BUY,66936.11,0.008964,0.00,10095.53
2026-03-30T22:29:39.659Z,ETHUSDT,OPEN,BUY,3481.02,0.007938,0.00,10095.53
2026-03-30T22:29:39.659Z,BTCUSDT,CLOSE,BUY,66936.11,0.002913,15.01,10110.53
2026-03-31T22:29:39.659Z,BTCUSDT,OPEN,BUY,69151.95,0.008772,0.00,10110.53
2026-04-01T22:29:39.659Z,BTCUSDT,CLOSE,BUY,71014.12,0.009273,58.50,10169.03
2026-04-01T22:29:39.659Z,DOGEUSDT,CLOSE,BUY,0.10777,1299.451343,-39.96,10129.07
2026-04-01T22:29:39.659Z,ETHUSDT,CLOSE,BUY,3470.8,0.111458,26.85,10155.92
2026-04-01T22:29:39.659Z,ETHUSDT,OPEN,BUY,3470.8,0.004214,0.00,10155.92
2026-04-02T22:29:39.659Z,ETHUSDT,CLOSE,BUY,3523.23,0.110934,30.85,10186.77
2026-04-02T22:29:39.659Z,BTCUSDT,OPEN,BUY,70780.06,0.005165,0.00,10186.77
2026-04-02T22:29:39.659Z,DOGEUSDT,OPEN,BUY,0.10659,1720.2533,0.00,10186.77
2026-04-02T22:29:39.659Z,ETHUSDT,OPEN,BUY,3523.23,0.101249,0.00,10186.77
2026-04-03T22:29:39.659Z,DOGEUSDT,OPEN,BUY,0.10758,1711.1571,0.00,10186.77
2026-04-03T22:29:39.659Z,ETHUSDT,OPEN,BUY,3477.16,0.105466,0.00,10186.77
2026-04-03T22:29:39.659Z,BTCUSDT,OPEN,BUY,70940.64,0.008616,0.00,10186.77
2026-04-03T22:29:39.659Z,ETHUSDT,CLOSE,BUY,3477.16,0.18413,40.25,10227.02
2026-04-04T22:29:39.659Z,DOGEUSDT,CLOSE,BUY,0.10827,1411.432604,-27.18,10199.83
2026-04-04T22:29:39.659Z,ETHUSDT,CLOSE,BUY,3335.77,0.181353,4.95,10204.78
2026-04-04T22:29:39.659Z,ETHUSDT,OPEN,BUY,3335.77,0.184899,0.00,10204.78
2026-04-04T22:29:39.659Z,BTCUSDT,CLOSE,BUY,72812.15,0.008964,52.67,10257.46
2026-04-04T22:29:39.659Z,BTCUSDT,OPEN,BUY,72812.15,0.002528,0.00,10257.46
2026-04-04T22:29:39.659Z,DOGEUSDT,OPEN,BUY,0.10827,1709.83198,0.00,10257.46
2026-04-05T22:29:39.659Z,BTCUSDT,CLOSE,BUY,74944.8,0.008772,50.81,10308.27
2026-04-05T22:29:39.659Z,DOGEUSDT,OPEN,BUY,0.10549,1757.731065,0.00,10308.27
2026-04-05T22:29:39.659Z,ETHUSDT,CLOSE,BUY,3355.6,0.1052,-6.99,10301.28
2026-04-05T22:29:39.659Z,BTCUSDT,OPEN,BUY,74944.8,0.008212,0.00,10301.28
2026-04-06T22:29:39.659Z,DOGEUSDT,OPEN,BUY,0.11025,1684.644222,0.00,10301.28
2026-04-06T22:29:39.659Z,ETHUSDT,CLOSE,BUY,3247.05,0.101249,-27.96,10273.32
2026-04-06T22:29:39.659Z,ETHUSDT,CLOSE,BUY,3247.05,0.105466,-24.27,10249.05
2026-04-06T22:29:39.659Z,BTCUSDT,OPEN,BUY,77236.82,0.004801,0.00,10249.05
2026-04-06T22:29:39.659Z,BTCUSDT,CLOSE,BUY,77236.82,0.005165,33.35,10282.40
2026-04-06T22:29:39.659Z,BTCUSDT,CLOSE,BUY,77236.82,0.008616,54.25,10336.65
2026-04-06T22:29:39.659Z,ETHUSDT,OPEN,BUY,3247.05,0.115181,0.00,10336.65
2026-04-06T22:29:39.659Z,ETHUSDT,CLOSE,BUY,3247.05,0.063011,-15.40,10321.25
2026-04-06T22:29:39.659Z,ETHUSDT,CLOSE,BUY,3247.05,0.007938,-1.86,10319.39
2026-04-06T22:29:39.659Z,ETHUSDT,CLOSE,BUY,3247.05,0.004214,-0.94,10318.45
2026-04-07T22:29:39.659Z,ETHUSDT,OPEN,BUY,3204.75,0.11591,0.00,10318.45
2026-04-08T22:29:39.659Z,ETHUSDT,CLOSE,BUY,3105.03,0.184899,-42.66,10275.78
2026-04-08T22:29:39.659Z,BTCUSDT,CLOSE,BUY,78528.04,0.002528,14.45,10290.23
2026-04-08T22:29:39.659Z,BTCUSDT,OPEN,BUY,78528.04,0.00473,0.00,10290.23
2026-04-09T22:29:39.659Z,DOGEUSDT,OPEN,BUY,0.12303,1505.520414,0.00,10290.23
2026-04-10T22:29:39.659Z,BTCUSDT,CLOSE,BUY,82103.81,0.008212,58.79,10349.02
2026-04-10T22:29:39.659Z,BTCUSDT,CLOSE,BUY,82103.81,0.004801,23.37,10372.39
2026-04-10T22:29:39.659Z,DOGEUSDT,OPEN,BUY,0.12543,1488.503455,0.00,10372.39
2026-04-10T22:29:39.659Z,DOGEUSDT,CLOSE,BUY,0.12543,1720.2533,32.41,10404.80
2026-04-10T22:29:39.659Z,BTCUSDT,OPEN,BUY,82103.81,0.00752,0.00,10404.80
2026-04-11T22:29:39.659Z,BTCUSDT,OPEN,BUY,81891.81,0.004574,0.00,10404.80
2026-04-11T22:29:39.659Z,DOGEUSDT,CLOSE,BUY,0.12536,1711.1571,30.42,10435.22
2026-04-11T22:29:39.659Z,ETHUSDT,CLOSE,BUY,3035.38,0.115181,-24.38,10410.84
2026-04-11T22:29:39.659Z,ETHUSDT,OPEN,BUY,3035.38,0.20567,0.00,10410.84
2026-04-12T22:29:39.659Z,DOGEUSDT,CLOSE,BUY,0.13216,1709.83198,40.85,10451.69
2026-04-12T22:29:39.659Z,BTCUSDT,OPEN,BUY,84253.97,0.004448,0.00,10451.69
2026-04-12T22:29:39.659Z,BTCUSDT,CLOSE,BUY,84253.97,0.00473,27.08,10478.77
2026-04-12T22:29:39.659Z,ETHUSDT,OPEN,BUY,3029.29,0.124044,0.00,10478.77
2026-04-13T22:29:39.659Z,DOGEUSDT,CLOSE,BUY,0.13599,1757.731065,53.61,10532.38
2026-04-13T22:29:39.659Z,DOGEUSDT,OPEN,BUY,0.13599,1382.048312,0.00,10532.38
2026-04-13T22:29:39.659Z,ETHUSDT,CLOSE,BUY,2882.1,0.11591,-37.40,10494.99
2026-04-14T22:29:39.659Z,DOGEUSDT,CLOSE,BUY,0.14665,1684.644222,61.32,10556.31
2026-04-14T22:29:39.659Z,ETHUSDT,OPEN,BUY,2875.87,0.21896,0.00,10556.31
2026-04-14T22:29:39.659Z,BTCUSDT,OPEN,BUY,85007.14,0.004445,0.00,10556.31
2026-04-15T22:29:39.659Z,BTCUSDT,OPEN,BUY,86459.1,0.004395,0.00,10556.31
2026-04-15T22:29:39.659Z,DOGEUSDT,OPEN,BUY,0.15669,1215.071525,0.00,10556.31
2026-04-15T22:29:39.659Z,BTCUSDT,CLOSE,BUY,86459.1,0.004574,20.89,10577.20
2026-04-16T22:29:39.659Z,ETHUSDT,CLOSE,BUY,2814.61,0.20567,-45.41,10531.79
2026-04-16T22:29:39.659Z,BTCUSDT,OPEN,BUY,86393.23,0.004408,0.00,10531.79
2026-04-16T22:29:39.659Z,ETHUSDT,CLOSE,BUY,2814.61,0.124044,-26.63,10505.16
2026-04-17T22:29:39.659Z,BTCUSDT,OPEN,BUY,83645.46,0.005923,0.00,10505.16
2026-04-17T22:29:39.659Z,BTCUSDT,CLOSE,BUY,83645.46,0.004395,-12.37,10492.80
2026-04-17T22:29:39.659Z,BTCUSDT,CLOSE,BUY,83645.46,0.004408,-12.11,10480.68
2026-04-17T22:29:39.659Z,ETHUSDT,OPEN,BUY,2843.41,0.132694,0.00,10480.68
2026-04-17T22:29:39.659Z,DOGEUSDT,CLOSE,BUY,0.15248,1505.520414,44.34,10525.02
2026-04-18T22:29:39.659Z,DOGEUSDT,CLOSE,BUY,0.15326,1488.503455,41.43,10566.45
2026-04-18T22:29:39.659Z,ETHUSDT,OPEN,BUY,2728.29,0.23125,0.00,10566.45
2026-04-18T22:29:39.659Z,BTCUSDT,CLOSE,BUY,82368.69,0.004445,-11.73,10554.72
2026-04-18T22:29:39.659Z,BTCUSDT,CLOSE,BUY,82368.69,0.00752,1.99,10556.71
2026-04-18T22:29:39.659Z,BTCUSDT,OPEN,BUY,82368.69,0.0046,0.00,10556.71
2026-04-19T22:29:39.659Z,BTCUSDT,CLOSE,BUY,79604.19,0.0046,-12.72,10543.99
2026-04-19T22:29:39.659Z,ETHUSDT,OPEN,BUY,2784.78,0.067865,0.00,10543.99
2026-04-19T22:29:39.659Z,DOGEUSDT,OPEN,BUY,0.15757,1199.395533,0.00,10543.99
2026-04-19T22:29:39.659Z,BTCUSDT,CLOSE,BUY,79604.19,0.005923,-23.94,10520.06
2026-04-19T22:29:39.659Z,BTCUSDT,CLOSE,BUY,79604.19,0.004448,-20.68,10499.38
2026-04-20T22:29:39.659Z,BTCUSDT,OPEN,BUY,77512.17,0.004876,0.00,10499.38
2026-04-20T22:29:39.659Z,ETHUSDT,OPEN,BUY,2803.71,0.224689,0.00,10499.38
2026-04-21T22:29:39.659Z,DOGEUSDT,CLOSE,BUY,0.15584,1382.048312,27.43,10526.81
2026-04-21T22:29:39.659Z,BTCUSDT,OPEN,BUY,78078.8,0.00242,0.00,10526.81
2026-04-21T22:29:39.659Z,DOGEUSDT,OPEN,BUY,0.15584,1212.710178,0.00,10526.81
2026-04-22T22:29:39.659Z,BTCUSDT,OPEN,BUY,77156.67,0.002456,0.00,10526.81
2026-04-22T22:29:39.659Z,ETHUSDT,CLOSE,BUY,2852.63,0.21896,-5.09,10521.72
2026-04-23T22:29:39.659Z,DOGEUSDT,CLOSE,BUY,0.16486,1215.071525,9.93,10531.65
2026-04-23T22:29:39.659Z,ETHUSDT,OPEN,BUY,2792.58,0.135558,0.00,10531.65
2026-04-23T22:29:39.659Z,BTCUSDT,CLOSE,BUY,75499.22,0.00242,-6.24,10525.40
2026-04-24T22:29:39.659Z,BTCUSDT,CLOSE,BUY,73387.53,0.002456,-9.26,10516.15
2026-04-24T22:29:39.659Z,ETHUSDT,OPEN,BUY,2821.87,0.133903,0.00,10516.15
2026-04-24T22:29:39.659Z,BTCUSDT,CLOSE,BUY,73387.53,0.004876,-20.11,10496.04
2026-04-24T22:29:39.659Z,BTCUSDT,OPEN,BUY,73387.53,0.005163,0.00,10496.04
2026-04-25T22:29:39.659Z,ETHUSDT,CLOSE,BUY,2835.26,0.132694,-1.08,10494.95
2026-04-25T22:29:39.659Z,BTCUSDT,OPEN,BUY,70225.51,0.008968,0.00,10494.95
2026-04-25T22:29:39.659Z,BTCUSDT,CLOSE,BUY,70225.51,0.005163,-16.33,10478.63
2026-04-26T22:29:39.659Z,BTCUSDT,OPEN,BUY,70008.72,0.002694,0.00,10478.63
2026-04-26T22:29:39.659Z,ETHUSDT,CLOSE,BUY,2944.54,0.23125,50.01,10528.64
2026-04-26T22:29:39.659Z,ETHUSDT,OPEN,BUY,2944.54,0.140387,0.00,10528.64
2026-04-27T22:29:39.659Z,ETHUSDT,CLOSE,BUY,3044.53,0.067865,17.63,10546.26
2026-04-27T22:29:39.659Z,BTCUSDT,OPEN,BUY,68971.02,0.002748,0.00,10546.26
2026-04-27T22:29:39.659Z,ETHUSDT,OPEN,BUY,3044.53,0.124496,0.00,10546.26
2026-04-27T22:29:39.659Z,DOGEUSDT,CLOSE,BUY,0.16737,1199.395533,11.75,10558.02
2026-04-28T22:29:39.659Z,BTCUSDT,OPEN,BUY,68264.79,0.00928,0.00,10558.02
2026-04-28T22:29:39.659Z,ETHUSDT,CLOSE,BUY,3074.66,0.224689,60.88,10618.90
2026-04-28T22:29:39.659Z,DOGEUSDT,OPEN,BUY,0.16123,1185.512443,0.00,10618.90
2026-04-29T22:29:39.659Z,DOGEUSDT,CLOSE,BUY,0.15835,1212.710178,3.04,10621.94
2026-04-29T22:29:39.659Z,BTCUSDT,CLOSE,BUY,67119.02,0.008968,-27.86,10594.08
2026-04-29T22:29:39.659Z,BTCUSDT,CLOSE,BUY,67119.02,0.002694,-7.78,10586.30
2026-04-29T22:29:39.659Z,ETHUSDT,OPEN,BUY,3068.19,0.124177,0.00,10586.30
2026-04-30T22:29:39.659Z,ETHUSDT,OPEN,BUY,3174.38,0.059788,0.00,10586.30
2026-04-30T22:29:39.659Z,BTCUSDT,CLOSE,BUY,64894.88,0.00928,-31.27,10555.03
2026-04-30T22:29:39.659Z,BTCUSDT,CLOSE,BUY,64894.88,0.002748,-11.20,10543.82
2026-05-01T22:29:39.659Z,ETHUSDT,CLOSE,BUY,3214.64,0.133903,52.59,10596.42
2026-05-01T22:29:39.659Z,ETHUSDT,OPEN,BUY,3214.64,0.059039,0.00,10596.42
2026-05-01T22:29:39.659Z,ETHUSDT,CLOSE,BUY,3214.64,0.135558,57.21,10653.63
2026-05-02T22:29:39.659Z,BTCUSDT,OPEN,BUY,60958.51,0.010486,0.00,10653.63
2026-05-02T22:29:39.659Z,DOGEUSDT,OPEN,BUY,0.16781,1142.752878,0.00,10653.63
2026-05-03T22:29:39.659Z,BTCUSDT,OPEN,BUY,61934.34,0.006193,0.00,10653.63
2026-05-03T22:29:39.659Z,ETHUSDT,OPEN,BUY,3285.57,0.194553,0.00,10653.63
2026-05-04T22:29:39.659Z,ETHUSDT,OPEN,BUY,3397.12,0.112899,0.00,10653.63
2026-05-04T22:29:39.659Z,ETHUSDT,CLOSE,BUY,3397.12,0.140387,63.54,10717.17
2026-05-05T22:29:39.659Z,BTCUSDT,OPEN,BUY,61394.35,0.003142,0.00,10717.17
2026-05-05T22:29:39.659Z,ETHUSDT,CLOSE,BUY,3439.78,0.124496,49.21,10766.37
2026-05-06T22:29:39.659Z,ETHUSDT,CLOSE,BUY,3498.07,0.124177,53.38,10819.76
2026-05-06T22:29:39.659Z,DOGEUSDT,CLOSE,BUY,0.16034,1185.512443,-1.06,10818.70
2026-05-06T22:29:39.659Z,DOGEUSDT,OPEN,BUY,0.16034,1214.641408,0.00,10818.70
2026-05-06T22:29:39.659Z,ETHUSDT,OPEN,BUY,3498.07,0.184668,0.00,10818.70
2026-05-06T22:29:39.659Z,BTCUSDT,OPEN,BUY,62066.82,0.006245,0.00,10818.70
2026-05-07T22:29:39.659Z,ETHUSDT,CLOSE,BUY,3645.97,0.059788,28.20,10846.90
2026-05-07T22:29:39.659Z,BTCUSDT,OPEN,BUY,62996.59,0.006182,0.00,10846.90
2026-05-07T22:29:39.659Z,ETHUSDT,OPEN,BUY,3645.97,0.106823,0.00,10846.90
2026-05-07T22:29:39.659Z,ETHUSDT,CLOSE,BUY,3645.97,0.059039,25.47,10872.36
2026-05-07T22:29:39.659Z,DOGEUSDT,OPEN,BUY,0.14959,1308.259271,0.00,10872.36
2026-05-08T22:29:39.659Z,DOGEUSDT,OPEN,BUY,0.14083,1389.636472,0.00,10872.36
2026-05-08T22:29:39.659Z,ETHUSDT,OPEN,BUY,3660.31,0.106932,0.00,10872.36
2026-05-09T22:29:39.659Z,ETHUSDT,CLOSE,BUY,3824.95,0.194553,104.94,10977.30
2026-05-09T22:29:39.659Z,ETHUSDT,OPEN,BUY,3824.95,0.070192,0.00,10977.30
2026-05-09T22:29:39.659Z,DOGEUSDT,CLOSE,BUY,0.12929,1142.752878,-44.02,10933.28
2026-05-09T22:29:39.659Z,DOGEUSDT,OPEN,BUY,0.12929,1535.005156,0.00,10933.28
2026-05-09T22:29:39.659Z,ETHUSDT,CLOSE,BUY,3824.95,0.112899,48.30,10981.58
2026-05-09T22:29:39.659Z,BTCUSDT,OPEN,BUY,62819.05,0.003115,0.00,10981.58
2026-05-09T22:29:39.659Z,DOGEUSDT,CLOSE,BUY,0.12929,1214.641408,-37.71,10943.87
2026-05-10T22:29:39.659Z,BTCUSDT,CLOSE,BUY,64786.4,0.010486,40.14,10984.01
2026-05-10T22:29:39.659Z,ETHUSDT,CLOSE,BUY,3946.82,0.184668,82.87,11066.88
2026-05-10T22:29:39.659Z,ETHUSDT,OPEN,BUY,3946.82,0.16698,0.00,11066.88
2026-05-10T22:29:39.659Z,DOGEUSDT,OPEN,BUY,0.13079,1523.081098,0.00,11066.88
2026-05-11T22:29:39.659Z,BTCUSDT,OPEN,BUY,65731.56,0.006061,0.00,11066.88
2026-05-11T22:29:39.659Z,BTCUSDT,CLOSE,BUY,65731.56,0.006193,23.52,11090.39
2026-05-11T22:29:39.659Z,ETHUSDT,OPEN,BUY,3913.22,0.170045,0.00,11090.39
2026-05-12T22:29:39.659Z,BTCUSDT,CLOSE,BUY,67710.93,0.003142,19.85,11110.24
2026-05-12T22:29:39.659Z,BTCUSDT,CLOSE,BUY,67710.93,0.003115,15.24,11125.48
2026-05-12T22:29:39.659Z,BTCUSDT,OPEN,BUY,67710.93,0.005896,0.00,11125.48
2026-05-12T22:29:39.659Z,DOGEUSDT,OPEN,BUY,0.12273,1641.14433,0.00,11125.48
2026-05-12T22:29:39.659Z,BTCUSDT,CLOSE,BUY,67710.93,0.006182,29.14,11154.62
2026-05-12T22:29:39.659Z,BTCUSDT,CLOSE,BUY,67710.93,0.006245,35.25,11189.87
2026-05-14T22:29:39.659Z,ETHUSDT,OPEN,BUY,3950.86,0.050981,0.00,11189.87
2026-05-14T22:29:39.659Z,DOGEUSDT,CLOSE,BUY,0.11488,1308.259271,-45.41,11144.46
2026-05-14T22:29:39.659Z,DOGEUSDT,OPEN,BUY,0.11488,1753.287288,0.00,11144.46
2026-05-15T22:29:39.659Z,ETHUSDT,OPEN,BUY,4027.55,0.052358,0.00,11144.46
2026-05-15T22:29:39.659Z,ETHUSDT,CLOSE,BUY,4027.55,0.106823,40.76,11185.22
2026-05-15T22:29:39.659Z,BTCUSDT,OPEN,BUY,68517.7,0.005855,0.00,11185.22
2026-05-16T22:29:39.659Z,ETHUSDT,OPEN,BUY,3920.64,0.102975,0.00,11185.22
2026-05-16T22:29:39.659Z,ETHUSDT,CLOSE,BUY,3920.64,0.106932,27.84,11213.06
2026-05-16T22:29:39.659Z,BTCUSDT,CLOSE,BUY,70585.03,0.006061,29.42,11242.48
2026-05-16T22:29:39.659Z,DOGEUSDT,CLOSE,BUY,0.10741,1389.636472,-46.44,11196.03
2026-05-17T22:29:39.659Z,ETHUSDT,OPEN,BUY,3855.52,0.052404,0.00,11196.03
2026-05-17T22:29:39.659Z,DOGEUSDT,CLOSE,BUY,0.10207,1535.005156,-41.78,11154.25
2026-05-17T22:29:39.659Z,ETHUSDT,CLOSE,BUY,3855.52,0.070192,2.15,11156.40
2026-05-17T22:29:39.659Z,BTCUSDT,CLOSE,BUY,72567.48,0.005896,28.63,11185.03
2026-05-18T22:29:39.659Z,ETHUSDT,CLOSE,BUY,3788.14,0.052358,-12.54,11172.50
2026-05-18T22:29:39.659Z,BTCUSDT,CLOSE,BUY,74209.84,0.005855,33.33,11205.82
2026-05-18T22:29:39.659Z,BTCUSDT,OPEN,BUY,74209.84,0.009043,0.00,11205.82
2026-05-18T22:29:39.659Z,ETHUSDT,CLOSE,BUY,3788.14,0.16698,-26.50,11179.33
2026-05-18T22:29:39.659Z,DOGEUSDT,CLOSE,BUY,0.09575,1523.081098,-53.37,11125.96
2026-05-19T22:29:39.659Z,BTCUSDT,OPEN,BUY,75501.26,0.005305,0.00,11125.96
2026-05-19T22:29:39.659Z,ETHUSDT,CLOSE,BUY,3767.85,0.170045,-24.72,11101.24
2026-05-20T22:29:39.659Z,DOGEUSDT,OPEN,BUY,0.09262,2155.28995,0.00,11101.24
2026-05-20T22:29:39.659Z,BTCUSDT,OPEN,BUY,76785.38,0.005205,0.00,11101.24
2026-05-20T22:29:39.659Z,ETHUSDT,CLOSE,BUY,3733.63,0.050981,-11.07,11090.16
2026-05-20T22:29:39.659Z,DOGEUSDT,CLOSE,BUY,0.09262,1641.14433,-49.41,11040.75
2026-05-21T22:29:39.659Z,ETHUSDT,OPEN,BUY,3756.11,0.105819,0.00,11040.75
2026-05-21T22:29:39.659Z,DOGEUSDT,OPEN,BUY,0.09255,2147.30943,0.00,11040.75
2026-05-22T22:29:39.659Z,DOGEUSDT,CLOSE,BUY,0.09575,1753.287288,-33.54,11007.21
2026-05-22T22:29:39.659Z,BTCUSDT,OPEN,BUY,78385.95,0.005071,0.00,11007.21
2026-05-22T22:29:39.659Z,ETHUSDT,OPEN,BUY,3762.72,0.176055,0.00,11007.21
2026-05-23T22:29:39.659Z,ETHUSDT,CLOSE,BUY,3636.04,0.052404,-11.50,10995.71
2026-05-23T22:29:39.659Z,BTCUSDT,OPEN,BUY,78443.99,0.005051,0.00,10995.71
2026-05-23T22:29:39.659Z,ETHUSDT,OPEN,BUY,3636.04,0.181635,0.00,10995.71
2026-05-23T22:29:39.659Z,ETHUSDT,CLOSE,BUY,3636.04,0.102975,-29.31,10966.40
2026-05-24T22:29:39.659Z,BTCUSDT,CLOSE,BUY,81397.6,0.005205,24.01,10990.41
2026-05-24T22:29:39.659Z,BTCUSDT,CLOSE,BUY,81397.6,0.009043,65.00,11055.41
2026-05-24T22:29:39.659Z,BTCUSDT,CLOSE,BUY,81397.6,0.005305,31.28,11086.69
2026-05-24T22:29:39.659Z,ETHUSDT,OPEN,BUY,3620.84,0.183715,0.00,11086.69
2026-05-25T22:29:39.659Z,BTCUSDT,CLOSE,BUY,84068.05,0.005051,28.41,11115.09
2026-05-25T22:29:39.659Z,BTCUSDT,OPEN,BUY,84068.05,0.004748,0.00,11115.09
2026-05-25T22:29:39.659Z,BTCUSDT,CLOSE,BUY,84068.05,0.005071,28.81,11143.91
2026-05-25T22:29:39.659Z,ETHUSDT,OPEN,BUY,3585.72,0.055941,0.00,11143.91
2026-05-26T22:29:39.659Z,ETHUSDT,CLOSE,BUY,3483.95,0.105819,-28.80,11115.11
2026-05-26T22:29:39.659Z,ETHUSDT,OPEN,BUY,3483.95,0.05736,0.00,11115.11
2026-05-26T22:29:39.659Z,ETHUSDT,CLOSE,BUY,3483.95,0.176055,-49.08,11066.03
2026-05-27T22:29:39.659Z,BTCUSDT,OPEN,BUY,85798.27,0.004643,0.00,11066.03
2026-05-27T22:29:39.659Z,ETHUSDT,CLOSE,BUY,3436.39,0.181635,-36.26,11029.77
2026-05-28T22:29:39.659Z,DOGEUSDT,OPEN,BUY,0.09639,2045.47179,0.00,11029.77
2026-05-28T22:29:39.659Z,BTCUSDT,OPEN,BUY,85635.84,0.004637,0.00,11029.77
2026-05-28T22:29:39.659Z,ETHUSDT,OPEN,BUY,3294.42,0.120529,0.00,11029.77
2026-05-28T22:29:39.659Z,ETHUSDT,CLOSE,BUY,3294.42,0.183715,-59.97,10969.80
2026-05-28T22:29:39.659Z,ETHUSDT,CLOSE,BUY,3294.42,0.055941,-16.30,10953.50
2026-05-28T22:29:39.659Z,DOGEUSDT,CLOSE,BUY,0.09639,2155.28995,8.13,10961.63
2026-05-29T22:29:39.659Z,DOGEUSDT,OPEN,BUY,0.09382,2103.062074,0.00,10961.63
2026-05-29T22:29:39.659Z,ETHUSDT,OPEN,BUY,3310.82,0.119191,0.00,10961.63
2026-05-29T22:29:39.659Z,DOGEUSDT,CLOSE,BUY,0.09382,2147.30943,2.73,10964.35
2026-05-30T22:29:39.659Z,DOGEUSDT,OPEN,BUY,0.09119,2161.025872,0.00,10964.35
2026-05-30T22:29:39.659Z,BTCUSDT,OPEN,BUY,85634.78,0.007682,0.00,10964.35
2026-05-30T22:29:39.659Z,ETHUSDT,CLOSE,BUY,3198.79,0.05736,-16.36,10948.00
2026-05-31T22:29:39.659Z,BTCUSDT,OPEN,BUY,84641.05,0.004656,0.00,10948.00
2026-06-01T22:29:39.659Z,ETHUSDT,OPEN,BUY,3239.69,0.120861,0.00,10948.00
2026-06-01T22:29:39.659Z,BTCUSDT,CLOSE,BUY,82146.5,0.004643,-16.96,10931.04
2026-06-01T22:29:39.659Z,BTCUSDT,CLOSE,BUY,82146.5,0.004637,-16.18,10914.86
2026-06-01T22:29:39.659Z,BTCUSDT,CLOSE,BUY,82146.5,0.007682,-26.80,10888.06
2026-06-01T22:29:39.659Z,BTCUSDT,CLOSE,BUY,82146.5,0.004656,-11.61,10876.45
2026-06-02T22:29:39.659Z,BTCUSDT,CLOSE,BUY,82637.52,0.004748,-6.79,10869.66
2026-06-02T22:29:39.659Z,BTCUSDT,OPEN,BUY,82637.52,0.007897,0.00,10869.66
2026-06-02T22:29:39.659Z,ETHUSDT,OPEN,BUY,3173.76,0.205491,0.00,10869.66
2026-06-03T22:29:39.659Z,ETHUSDT,CLOSE,BUY,3079.02,0.120529,-25.96,10843.70
2026-06-03T22:29:39.659Z,ETHUSDT,OPEN,BUY,3079.02,0.063544,0.00,10843.70
2026-06-03T22:29:39.659Z,ETHUSDT,CLOSE,BUY,3079.02,0.119191,-27.63,10816.07
2026-06-03T22:29:39.659Z,DOGEUSDT,OPEN,BUY,0.10235,1902.190718,0.00,10816.07
2026-06-04T22:29:39.659Z,ETHUSDT,OPEN,BUY,3110.56,0.208633,0.00,10816.07
2026-06-04T22:29:39.659Z,DOGEUSDT,OPEN,BUY,0.10002,1946.502899,0.00,10816.07
2026-06-05T22:29:39.659Z,DOGEUSDT,CLOSE,BUY,0.09995,2045.47179,7.28,10823.35
2026-06-05T22:29:39.659Z,BTCUSDT,OPEN,BUY,79319.28,0.004909,0.00,10823.35
2026-06-05T22:29:39.659Z,BTCUSDT,CLOSE,BUY,79319.28,0.007897,-26.20,10797.15
2026-06-05T22:29:39.659Z,ETHUSDT,OPEN,BUY,3153.06,0.205322,0.00,10797.15
2026-06-06T22:29:39.659Z,DOGEUSDT,CLOSE,BUY,0.10449,2103.062074,22.44,10819.59
2026-06-07T22:29:39.659Z,DOGEUSDT,OPEN,BUY,0.1087,1787.280087,0.00,10819.59
2026-06-07T22:29:39.659Z,BTCUSDT,CLOSE,BUY,73941.54,0.004909,-26.40,10793.19
2026-06-07T22:29:39.659Z,ETHUSDT,OPEN,BUY,3153.05,0.051554,0.00,10793.19
2026-06-07T22:29:39.659Z,DOGEUSDT,CLOSE,BUY,0.1087,2161.025872,37.84,10831.03
2026-06-08T22:29:39.659Z,ETHUSDT,OPEN,BUY,3085.95,0.003066,0.00,10831.03
2026-06-08T22:29:39.659Z,BTCUSDT,OPEN,BUY,71257.87,0.005472,0.00,10831.03
2026-06-08T22:29:39.659Z,DOGEUSDT,OPEN,BUY,0.11494,1696.175897,0.00,10831.03
2026-06-09T22:29:39.659Z,BTCUSDT,OPEN,BUY,69166.09,0.009396,0.00,10831.03
2026-06-09T22:29:39.659Z,ETHUSDT,CLOSE,BUY,3169.91,0.120861,-8.43,10822.59
2026-06-10T22:29:39.659Z,BTCUSDT,CLOSE,BUY,67515.99,0.005472,-20.48,10802.12
2026-06-10T22:29:39.659Z,BTCUSDT,OPEN,BUY,67515.99,0.002885,0.00,10802.12
2026-06-10T22:29:39.659Z,ETHUSDT,CLOSE,BUY,3139.94,0.205491,-6.95,10795.17
2026-06-11T22:29:39.659Z,BTCUSDT,CLOSE,BUY,66322.68,0.009396,-26.72,10768.45
2026-06-11T22:29:39.659Z,BTCUSDT,OPEN,BUY,66322.68,0.00586,0.00,10768.45
2026-06-11T22:29:39.659Z,ETHUSDT,OPEN,BUY,3257.25,0.059508,0.00,10768.45
2026-06-11T22:29:39.659Z,ETHUSDT,CLOSE,BUY,3257.25,0.063544,11.33,10779.78
2026-06-11T22:29:39.659Z,DOGEUSDT,OPEN,BUY,0.12231,1586.427555,0.00,10779.78
2026-06-11T22:29:39.659Z,DOGEUSDT,CLOSE,BUY,0.12231,1902.190718,37.97,10817.74
2026-06-12T22:29:39.659Z,ETHUSDT,CLOSE,BUY,3256.5,0.208633,30.45,10848.19
2026-06-12T22:29:39.659Z,DOGEUSDT,CLOSE,BUY,0.11835,1946.502899,35.68,10883.87
2026-06-13T22:29:39.659Z,ETHUSDT,CLOSE,BUY,3309.57,0.205322,32.13,10916.01
2026-06-13T22:29:39.659Z,BTCUSDT,OPEN,BUY,65097.73,0.010032,0.00,10916.01
2026-06-13T22:29:39.659Z,BTCUSDT,CLOSE,BUY,65097.73,0.002885,-6.98,10909.03
2026-06-13T22:29:39.659Z,ETHUSDT,OPEN,BUY,3309.57,0.059157,0.00,10909.03
2026-06-14T22:29:39.659Z,BTCUSDT,OPEN,BUY,65746.77,0.009955,0.00,10909.03
2026-06-14T22:29:39.659Z,ETHUSDT,OPEN,BUY,3442.77,0.190121,0.00,10909.03
2026-06-15T22:29:39.659Z,ETHUSDT,CLOSE,BUY,3434,0.051554,14.48,10923.51
2026-06-15T22:29:39.659Z,ETHUSDT,OPEN,BUY,3434,0.190606,0.00,10923.51
2026-06-15T22:29:39.659Z,DOGEUSDT,CLOSE,BUY,0.12417,1787.280087,27.65,10951.16
2026-06-16T22:29:39.659Z,DOGEUSDT,OPEN,BUY,0.12387,1591.523857,0.00,10951.16
2026-06-16T22:29:39.659Z,BTCUSDT,OPEN,BUY,64331.07,0.006128,0.00,10951.16
2026-06-16T22:29:39.659Z,ETHUSDT,CLOSE,BUY,3469.13,0.003066,1.17,10952.34
2026-06-16T22:29:39.659Z,DOGEUSDT,CLOSE,BUY,0.12387,1696.175897,15.15,10967.48
2026-06-17T22:29:39.659Z,ETHUSDT,OPEN,BUY,3627.64,0.054019,0.00,10967.48
2026-06-17T22:29:39.659Z,BTCUSDT,OPEN,BUY,62500.78,0.006317,0.00,10967.48
2026-06-17T22:29:39.659Z,BTCUSDT,CLOSE,BUY,62500.78,0.00586,-22.40,10945.09
2026-06-17T22:29:39.659Z,BTCUSDT,CLOSE,BUY,62500.78,0.010032,-26.05,10919.03
2026-06-17T22:29:39.659Z,BTCUSDT,CLOSE,BUY,62500.78,0.009955,-32.31,10886.72
2026-06-18T22:29:39.659Z,BTCUSDT,OPEN,BUY,62429.39,0.003139,0.00,10886.72
2026-06-19T22:29:39.659Z,DOGEUSDT,CLOSE,BUY,0.12339,1586.427555,1.71,10888.43
2026-06-19T22:29:39.659Z,BTCUSDT,OPEN,BUY,62079.02,0.003157,0.00,10888.43
2026-06-19T22:29:39.659Z,BTCUSDT,CLOSE,BUY,62079.02,0.006128,-13.80,10874.63
2026-06-19T22:29:39.659Z,ETHUSDT,OPEN,BUY,3630.86,0.179675,0.00,10874.63
2026-06-19T22:29:39.659Z,ETHUSDT,CLOSE,BUY,3630.86,0.059508,22.23,10896.87
2026-06-19T22:29:39.659Z,DOGEUSDT,OPEN,BUY,0.12339,1589.373156,0.00,10896.87
2026-06-20T22:29:39.659Z,BTCUSDT,OPEN,BUY,61067.66,0.003212,0.00,10896.87
2026-06-20T22:29:39.659Z,ETHUSDT,OPEN,BUY,3693.96,0.100438,0.00,10896.87
2026-06-21T22:31:30.734Z,BTCUSDT,OPEN,BUY,64000,0.006129,0.00,10896.87
